"BROKEN","EPIC","FAILED","FEATURE","PASSED","SKIPPED","STORY","UNKNOWN"
"0","","0","Files","1","0","Delete Multiple Files","0"
"0","","0","Files","1","0","Upload Mixed Files Valid and Invalid Both Files","0"
"0","","0","Files","1","0","Cancel Dataset Addition funnctionality","0"
"0","","0","Files","2","0","Dataset Files Add Delete Functionality","0"
"0","","0","Files","1","0","Click Upload Files button on Files page","0"
"0","","0","Files","1","0","Upload Single Multiple and Invalid files","0"
"0","","0","Files","1","0","Fies Pagination Check","0"
"0","","0","Files","1","0","Create New Dataset Functionality","0"
"0","","0","Files","1","0","Search Files Name","0"
"1","","0","Files","0","0","Cancel File Upload Operation","0"
